FH CODE,FH NAME,ISIN,NAME OF FUND,CCY,"SETTLEMENT 
(BUY)","SETTLEMENT 
(SELL)",DEALING MODE (SUBS),DEALING MODE (RED),CUT OFF,,TICKER_AND_EXCH_CODE
46,ALLIANCE BERNSTEIN                      ,LU0232575059,"AB AMERICAN GROWTH PORTFOLIO ""C"" ACC                                                                                    ",EUR,3,3,D - 0  ,D - 0  ,18:00,CET,ALLAMCE LX Equity
46,ALLIANCE BERNSTEIN                      ,LU0239020794,"AB JAPAN STRAT.VALUE PORTFOLIO (EUR) ""C"" ACC                                                                            ",EUR,3,3,D - 0  ,D - 0  ,15:30,CET,AGJSVEC LX Equity
46,ALLIANCE BERNSTEIN                      ,LU0683600562,"AB SELECT US EQUITY ""A"" (USD) ACC                                                                                       ",USD,3,3,D - 0  ,D - 0  ,15:30,CET,ABUEQAU LX Equity
46,ALLIANCE BERNSTEIN                      ,LU0772116835,"AB SELECT US EQUITY PORTFOLIO ""C"" (USD) ACC                                                                             ",USD,3,3,D - 0  ,D - 0  ,15:30,CET,ABUSECU LX Equity
11,ABERDEEN AM PLC                         ,LU0011963674,"ABERDEEN GLOBAL JAPANESE EQUITY ""A"" ACC                                                                                 ",JPY,4,4,D - 0  ,D - 0  ,11:00,CET,AETJAEI LX Equity
173,ABERDEEN UNIT TRUST MANAGERS LIMITED    ,GB0004521620,"ABERDEEN JAPAN EQUITY ""A"" (GBP) ACC                                                                                     ",GBP,4,4,D - 0  ,D - 0  ,12:03,CET,MURJAPA LN Equity
93,AMUNDI FRANCE                           ,FR0010153320,"AMUNDI ACTIONS USA ISR ""P"" ACC                                                                                          ",EUR,3,3,D - 0  ,D - 0  ,09:30,CET,ATAMERQ FP Equity
37,AMUNDI FUNDS                            ,LU0389812347,"AMUNDI FUNDS INDEX EQUITY NORTH AMERICA ""AE"" ACC                                                                        ",EUR,3,3,D - 0  ,D - 0  ,13:00,CET,CAINACC LX Equity
96,AXA ROSENBERG INVESTMENT MANAGEMENT LTD ,IE0033609722,"AXA ROSENBERG US ENHANCED INDEX EQUITY ALPHA ""B"" ACC                                                                    ",USD,4,4,D - 0  ,D - 0  ,13:00,CET,AXAUSEB ID Equity
96,AXA ROSENBERG INVESTMENT MANAGEMENT LTD ,IE0004345025,"AXA ROSENBERG US EQ ALPHA ""B"" (USD) ACC                                                                                 ",USD,4,4,D - 0  ,D - 0  ,13:00,CET,AXARUEB ID Equity
7,BLACKROCK GLOBAL FUNDS                  ,LU0212924517,"BGF JAPAN FLEXIBLE EQUITY ""A2"" ACC                                                                                      ",USD,3,3,D - 0  ,D - 0  ,11:00,CET,MLJVA2U LX Equity
7,BLACKROCK GLOBAL FUNDS                  ,LU0171289068,"BGF JAPAN SMALL & MIDCAP OPPORTUNITIES ""A2"" (EUR) ACC                                                                   ",EUR,3,3,D - 0  ,D - 0  ,11:00,CET,MIGSJJI LX Equity
7,BLACKROCK GLOBAL FUNDS                  ,LU0277197835,"BGF JAPAN VALUE ""E2"" (EUR HDG) ACC                                                                                      ",EUR,3,3,D - 0  ,D - 0  ,11:00,CET,MLJEHE2 LX Equity
7,BLACKROCK GLOBAL FUNDS                  ,LU0072461881,"BGF US BASIC VALUE ""A2"" ACC                                                                                             ",USD,3,3,D - 0  ,D - 0  ,11:00,CET,MERBVAI LX Equity
7,BLACKROCK GLOBAL FUNDS                  ,LU0171296865,"BGF US FLEXIBLE EQUITY ""A2"" (EUR) ACC                                                                                   ",EUR,3,3,D - 0  ,D - 0  ,11:00,CET,MLFEEUA LX Equity
7,BLACKROCK GLOBAL FUNDS                  ,LU0097036916,"BGF US GROWTH ""A2"" (USD) ACC                                                                                            ",USD,3,3,D - 0  ,D - 0  ,11:00,CET,MEREQGA LX Equity
7,BLACKROCK GLOBAL FUNDS                  ,LU0006061336,"BGF US SMALL & MIDCAP OPPORTUNITIES ""A2"" ACC                                                                            ",USD,3,3,D - 0  ,D - 0  ,11:00,CET,MIGSNOI LX Equity
165,BLACKROCK GLOBAL INDEX FUNDS            ,LU0836515808,"BGIF NORTH AMERICA EQUITY INDEX ""F"" (USD) ACC                                                                           ",USD,3,3,D - 0  ,D - 0  ,11:00,CET,BGINAF2 LX Equity
237,BLI - BANQUE DE LUXEMBOURG INVESTMENTS  ,LU0093570256,"BL EQUITIES AMERICA ""B"" ACC                                                                                             ",USD,3,3,D - 0  ,D - 0  ,15:31,CET,BLE4727 LX Equity
170,BLACKROCK FUND MANAGERS LIMITED         ,GB00B08HDJ29,"BLACKROCK JAPAN EQUITY TRACKER ""L"" ACC                                                                                  ",GBP,4,4,D - 0  ,D - 0  ,12:03,CET,BJPNETA LN Equity
170,BLACKROCK FUND MANAGERS LIMITED         ,GB00B08HD588,"BLACKROCK NORTH AMERICAN EQUITY TRACKER ""L"" ACC                                                                         ",GBP,4,4,D - 0  ,D - 0  ,12:03,CET,BNAMEQA LN Equity
73,BNP PARIBAS INVESTMENT PARTNERS*        ,LU0116160465,"BNPPL1 EQUITY USA CORE ""C"" ACC                                                                                          ",USD,3,3,D - 0  ,D - 0  ,13:00,CET,FOREQUC LX Equity
51,CANDRIAM LUX                            ,LU0163125924,"CANDRIAM QUANT EQUITIES USA ""C"" ACC                                                                                     ",USD,3,3,D - 0  ,D - 0  ,11:00,CET,DEXQUEC LX Equity
22,CREDIT SUISSE                           ,LU0055732977,"CS EQ USA ""B"" ACC                                                                                                       ",USD,3,3,D - 0  ,D - 0  ,11:00,CET,CRSNABI LX Equity
1099,CULLEN FUNDS PLC                        ,IE00B4Z7BN36,"CULLEN NORTH AMERICAN HIGH DIVIDEND VALUE EQUITY ""C"" (USD) ACC                                                          ",USD,3,3,D - 0  ,D - 0  ,13:00,CET,CUNAHCA ID Equity
190,DB PLATINUM ADVISORS                    ,LU0194164702,"DB PLATINUM IV CROCI US ""R1C"" ACC                                                                                       ",USD,3,3,D - 0  ,D - 0  ,11:00,CET,XCRUR1C LX Equity
125,EDMOND DE ROTHSCHILD ASSET MANAGEMENT   ,FR0010589044,"EDMOND DE ROTHSCHILD US VALUE & YIELD ""C"" ACC                                                                           ",EUR,3,3,D - 0  ,D - 0  ,11:01,CET,ROTHAMR FP Equity
166,EURIZON CAPITAL S.A.                    ,LU0130323784,"EURIZON EF EQUITY NORTH AMERICA LTE ""R"" ACC                                                                             ",EUR,3,3,D - 0  ,D - 0  ,13:01,CET,SANOUSR LX Equity
9,FIDELITY WORLDWIDE INVESTMENT           ,LU0251127410,"FIDELITY AMERICA ""A"" (EUR) ACC                                                                                          ",EUR,3,3,D - 0  ,D - 0  ,15:30,CET,FIDAAEA LX Equity
187,FIL INVESTMENT SERVICES (UK) LIMITED    ,GB0003865176,FIDELITY AMERICAN ACC                                                                                                   ,GBP,4,4,D - 0  ,D - 0  ,12:03,CET,FIDEAMI LN Equity
9,FIDELITY WORLDWIDE INVESTMENT           ,LU0261960354,"FIDELITY AMERICAN DIVERSIFIED ""A"" ACC                                                                                   ",EUR,3,3,D - 0  ,D - 0  ,15:30,CET,FIDAAAE LX Equity
187,FIL INVESTMENT SERVICES (UK) LIMITED    ,GB0003865390,FIDELITY AMERICAN SPECIAL SITUATIONS ACC                                                                                ,GBP,4,4,D - 0  ,D - 0  ,12:03,CET,FIDEAEA LN Equity
9,FIDELITY WORLDWIDE INVESTMENT           ,LU0370789561,"FIDELITY JAPAN ADVANTAGE ""Y"" (JPY) ACC                                                                                  ",JPY,3,3,D - 0  ,D - 0  ,11:00,CET,FFJPADY LX Equity
34,FRANKLIN TEMPLETON INVESTMENTS          ,LU0094041471,"FRANKLIN MUTUAL BEACON ""N"" ACC                                                                                          ",USD,3,3,D - 0  ,D - 0  ,15:30,CET,TEMMBXI LX Equity
34,FRANKLIN TEMPLETON INVESTMENTS          ,LU0109391861,"FRANKLIN U.S. OPPORTUNITIES ""A"" (USD) ACC                                                                               ",USD,3,3,D - 0  ,D - 0  ,15:30,CET,TEMAGAI LX Equity
34,FRANKLIN TEMPLETON INVESTMENTS          ,LU0098860363,"FRANKLIN US EQUITY ""A"" ACC                                                                                              ",USD,3,3,D - 0  ,D - 0  ,15:30,CET,TEMFUAI LX Equity
34,FRANKLIN TEMPLETON INVESTMENTS          ,LU0260872956,"FRANKLIN US OPPORTUNITIES ""C"" (USD) ACC                                                                                 ",USD,3,3,D - 0  ,D - 0  ,15:30,CET,FAGACUS LX Equity
16,GAM STERLING MANAGEMENT LIMITED         ,IE0003014572,"GAM STAR JAPAN EQUITY ""O"" (JPY) ACC                                                                                     ",JPY,5,5,D - 0  ,D - 0  ,09:30,CET,GAMSTYA ID Equity
16,GAM STERLING MANAGEMENT LIMITED         ,IE00B1W3Y897,"GAM STAR US ALL CAP EQUITY ""O"" (USD) ACC                                                                                ",USD,5,5,D - 0  ,D - 0  ,15:30,CET,GAMAOAU ID Equity
84,GLG PARTNERS LP                         ,IE00B5648R31,"GLG JAPAN CORE ALPHA EQUITY ""D H EUR"" ACC                                                                               ",EUR,3,4,D - 1  ,D - 1  ,11:00,CET,GLJAAEU ID Equity
29,GOLDMAN SACHS AM                        ,LU0920312682,"GS JAPAN PORTFOLIO ""OCS"" (USD HDGD) ACC                                                                                 ",USD,3,3,D - 0  ,D - 0  ,13:00,CET,GSJPPUH LX Equity
29,GOLDMAN SACHS AM                        ,LU0234571726,"GS US CORESM EQUITY PORTFOLIO ""BS"" ACC SNAP                                                                             ",USD,3,3,D - 0  ,D - 0  ,13:00,CET,GSUSCBA LX Equity
29,GOLDMAN SACHS AM                        ,LU0234588027,"GS US EQUITY PORTFOLIO ""BS"" ACC                                                                                         ",USD,3,3,D - 0  ,D - 0  ,13:00,CET,GSUBEBA LX Equity
57,NATIXIS LUXEMBOURG                      ,LU0647999670,"HARRIS ASSOCIATES CONCENTRATED U.S. VALUE ""R"" (USD) ACC                                                                 ",USD,3,3,D - 0  ,D - 0  ,11:00,CET,NATHCRU LX Equity
181,HENDERSON INVESTMENT FUNDS LTD (GBP**)  ,GB0032438466,"HENDERSON US GROWTH RETAIL ""A"" ACC                                                                                      ",GBP,4,4,D - 0  ,D - 0  ,12:03,CET,GAAMGRA LN Equity
744,HEPTAGON CAPITAL LLP                    ,IE00B6STVH45,"HEPTAGON YACKTMAN US EQUITY ""B"" (USD) ACC                                                                               ",USD,3,5,D - 0  ,D - 0  ,13:00,CET,HEPYACB ID Equity
186,HSBC GLOBAL ASSET MANAGEMENT (UK) LTD   ,GB0000470418,"HSBC AMERICAN INDEX ""R"" ACC                                                                                             ",GBP,4,4,D - 0  ,D - 0  ,12:03,CET,HSBAMRA LN Equity
186,HSBC GLOBAL ASSET MANAGEMENT (UK) LTD   ,GB0000150374,"HSBC JAPAN INDEX ""R"" ACC                                                                                                ",GBP,4,4,D - 0  ,D - 0  ,12:03,CET,HSBJAPA LN Equity
36,ING INVESTMENT MANAGEMENT               ,LU0082087940,"ING (L) INVEST US ENHANCED CORE CONCENTRATED ""P"" ACC                                                                    ",USD,3,3,D - 0  ,D - 0  ,13:00,CET,INGNAUA LX Equity
36,ING INVESTMENT MANAGEMENT               ,LU0272290692,"ING (L) INVEST US GROWTH ""P"" ACC                                                                                        ",USD,3,3,D - 0  ,D - 0  ,13:00,CET,INUGUPC LX Equity
36,ING INVESTMENT MANAGEMENT               ,LU0214495557,"ING (L) INVEST US HIGH DIVIDEND ""X"" ACC                                                                                 ",USD,3,3,D - 0  ,D - 0  ,13:00,CET,INGUHXC LX Equity
12,INVESCO GT AM PLC                       ,IE00B79Y1J76,"INVESCO JAPANESE EQUITY CORE ""A"" (USDHDG)                                                                               ",USD,3,3,D - 0  ,D - 0  ,11:00,CET,INJPAUH ID Equity
135,INVESCO FUND MANAGERS LIMITED           ,GB0033028118,"INVESCO PERPETUAL JAPAN ""A"" (GBP) ACC                                                                                   ",GBP,4,4,D - 0  ,D - 0  ,12:03,CET,INVJPNA LN Equity
135,INVESCO FUND MANAGERS LIMITED           ,GB0033027698,"INVESCO PERPETUAL US EQUITY ""A"" (GBP) ACC                                                                               ",GBP,4,4,D - 0  ,D - 0  ,12:03,CET,INVUSEA LN Equity
35,JANUS CAPITAL INTERNATIONAL LTD         ,IE0004445239,"JANUS US TWENTY ""A"" (USD) ACC                                                                                           ",USD,3,3,D - 0  ,D - 0  ,18:00,CET,JANTWA1 ID Equity
8,JPMORGAN AM                             ,LU0117861202,"JPM AMERICA EQUITY ""D"" ACC                                                                                              ",USD,3,3,D - 0  ,D - 0  ,13:00,CET,FLEFAMC LX Equity
8,JPMORGAN AM                             ,LU0210527361,"JPM JAPAN EQUITY ""A"" (USD) ACC                                                                                          ",USD,3,3,D - 0  ,D - 0  ,13:00,CET,JPJEAAU LX Equity
8,JPMORGAN AM                             ,LU0070214613,"JPM JAPAN SELECT EQUITY ""A"" ACC                                                                                         ",JPY,3,3,D - 0  ,D - 0  ,13:00,CET,JPMJPEA LX Equity
8,JPMORGAN AM                             ,LU0329204209,"JPM JAPAN STRATEGIC VALUE ""A"" ACC                                                                                       ",JPY,3,3,D - 0  ,D - 0  ,13:00,CET,JPMJSTA LX Equity
167,JPMORGAN FUNDS LIMITED                  ,GB0030878846,"JPM US ""A"" ACC                                                                                                          ",GBP,4,4,D - 0  ,D - 0  ,12:03,CET,SAVUSGI LN Equity
8,JPMORGAN AM                             ,LU0278557920,"JPM US EQUITY ""A"" (USD) ACC.                                                                                            ",USD,3,3,D - 0  ,D - 0  ,13:00,CET,JPMUSAA LX Equity
8,JPMORGAN AM                             ,LU0210536198,"JPM US GROWTH ""A"" ACC                                                                                                   ",USD,3,3,D - 0  ,D - 0  ,13:00,CET,JPUGAAU LX Equity
8,JPMORGAN AM                             ,LU0070214290,"JPM US SELECT EQUITY ""A"" ACC                                                                                            ",USD,3,3,D - 0  ,D - 0  ,13:00,CET,JPMNAMA LX Equity
8,JPMORGAN AM                             ,LU0210536867,"JPM US TECHNOLOGY ""A"" ACC                                                                                               ",USD,3,3,D - 0  ,D - 0  ,13:00,CET,JPUTAAU LX Equity
8,JPMORGAN AM                             ,LU0210536511,"JPM US VALUE ""A"" ACC                                                                                                    ",USD,3,3,D - 0  ,D - 0  ,13:00,CET,JPUVAAU LX Equity
1019,JB MULTIPARTNER & MULTISTOCK            ,LU0044849320,"JULIUS BAER MULTISTOCK JAPAN STOCK ""B"" ACC                                                                              ",JPY,3,3,D - 1  ,D - 1  ,13:01,CET,JBSJAPB LX Equity
176,JUPITER UNIT TRUST MANAGERS LTD         ,GB00B5TGB445,"JUPITER JAPAN INCOME ""I"" ACC                                                                                            ",GBP,4,4,D - 0  ,D - 0  ,12:03,CET,JUPJIIA LN Equity
101,LEGG MASON INVESTMENTS (EUROPE) LTD     ,IE00B546ST30,"LEGG MASON CLEARBRIDGE US AGGRESSIVE GROWTH ""E"" (USD) ACC                                                               ",USD,3,3,D - 0  ,D - 0  ,15:30,CET,LCUAEAU ID Equity
404,LEGG MASON INVESTMENT FUNDS LTD         ,GB0033507467,"LEGG MASON JAPAN EQUITY ""A"" ACC                                                                                         ",GBP,4,4,D - 0  ,D - 0  ,12:03,CET,LMJEQAA LN Equity
101,LEGG MASON INVESTMENTS (EUROPE) LTD     ,IE00B19Z4B17,"LEGG MASON ROYCE US SMALL CAP OPPORTUNITY ""A"" (USD) ACC                                                                 ",USD,3,3,D - 0  ,D - 0  ,15:30,CET,LERSUAA ID Equity
57,NATIXIS LUXEMBOURG                      ,LU0130099459,"LOOMIS SAYLES US RESEARCH ""I"" ACC                                                                                       ",USD,3,3,D - 0  ,D - 0  ,11:00,CET,CDCUSRI LX Equity
145,M&G SECURITIES LIMITED*                 ,GB00B1RXYR32,"M&G AMERICAN ""A"" (USD) ACC                                                                                              ",USD,3,5,D - 0  ,D - 0  ,09:30,CET,MGAMDAA LN Equity
145,M&G SECURITIES LIMITED*                 ,GB00B0BHJH99,"M&G NORTH AMERICAN VALUE ""A"" (EUR) ACC                                                                                  ",EUR,3,5,D - 0  ,D - 0  ,09:30,CET,MGNAEAA LN Equity
32,MFS INVESTMENT MANAGEMENT               ,LU0094555157,"MFS MERIDIAN US CONCENTRATED GROWTH ""A1"" ACC                                                                            ",USD,3,3,D - 0  ,D - 0  ,18:00,CET,MFSSGA1 LX Equity
32,MFS INVESTMENT MANAGEMENT               ,LU0125979160,"MFS MERIDIAN US VALUE ""A1"" ACC                                                                                          ",USD,3,3,D - 0  ,D - 0  ,18:00,CET,MFSVAL1 LX Equity
38,MORGAN STANLEY INVESTMENT MANAGEMENT    ,LU0362496845,"MSS US ADVANTAGE ""C"" ACC                                                                                                ",USD,3,3,D - 0  ,D - 0  ,11:00,CET,MSAMRFC LX Equity
38,MORGAN STANLEY INVESTMENT MANAGEMENT    ,LU0073232471,"MSS US GROWTH ""A"" ACC                                                                                                   ",USD,3,3,D - 0  ,D - 0  ,11:00,CET,MORUEGI LX Equity
38,MORGAN STANLEY INVESTMENT MANAGEMENT    ,LU0073233958,"MSS US PROPERTY ""A"" ACC                                                                                                 ",USD,3,3,D - 0  ,D - 0  ,11:00,CET,MORUSRI LX Equity
231,NATIXIS FRANCE                          ,FR0010796409,"NATIXIS ACTIONS US VALUE ""I"" (EURDHG) ACC                                                                               ",EUR,3,3,D - 0  ,D - 0  ,09:31,CET,NAUSVHI FP Equity
393,NEPTUNE INVESTMENT MANAGEMENT LTD (GBP) ,GB0032076043,"NEPTUNE JAPAN OPPORTUNITIES ""A"" (GBP) ACC                                                                               ",GBP,4,4,D - 0  ,D - 0  ,12:03,CET,CFNJOAA LN Equity
393,NEPTUNE INVESTMENT MANAGEMENT LTD (GBP) ,GB0032310129,"NEPTUNE US OPPORTUNITIES ""A"" (GBP) ACC                                                                                  ",GBP,4,4,D - 0  ,D - 0  ,12:03,CET,CFNUSAA LN Equity
304,NOMURA ASSET MANAGEMENT UK LTD          ,IE00B3XFBR64,"NOMURA JAPAN STRATEGIC VALUE ""A"" (EUR) ACC                                                                              ",EUR,4,4,D - 0  ,D - 0  ,11:00,CET,NOMJAEU ID Equity
79,NORDEA INVESTMENT FUNDS S.A             ,LU0772958525,"NORDEA 1 NORTH AMERICAN ALL CAP ""BP"" (USD) ACC                                                                          ",USD,3,3,D - 0  ,D - 0  ,13:00,CET,NNAABPU LX Equity
384,OLD MUTUAL FUND MANAGERS LIMITED        ,GB00B1XG7P54,"OLD MUTUAL NORTH AMERICAN EQUITY ""A"" ACC                                                                                ",GBP,4,4,D - 0  ,D - 0  ,12:03,CET,OMNAEAA LN Equity
40,OLD MUTUAL GLOBAL INVESTORS (UK) LIMITED,IE0031387487,"OLD MUTUAL US DIVIDEND ""A"" (USD) ACC                                                                                    ",USD,3,3,D - 0  ,D - 0  ,11:00,CET,SGGUACA ID Equity
39,BNP PARIBAS INVESTMENT PARTNERS         ,LU0194438338,"PARVEST EQUITY JAPAN ""C"" (JPY)                                                                                          ",EUR,3,3,D - 1  ,D - 1  ,13:00,CET,PARJQPY LX Equity
39,BNP PARIBAS INVESTMENT PARTNERS         ,LU0194438841,"PARVEST EQUITY JAPAN SMALL CAP ""C"" (EUR HGD)                                                                            ",EUR,3,3,D - 0  ,D - 0  ,13:00,CET,PARJSCH LX Equity
39,BNP PARIBAS INVESTMENT PARTNERS         ,LU0194435318,"PARVEST EQUITY USA ""C"" (USD HGD)                                                                                        ",EUR,3,3,D - 0  ,D - 0  ,13:00,CET,PARUSHC LX Equity
39,BNP PARIBAS INVESTMENT PARTNERS         ,LU0823435473,"PARVEST EQUITY USA GROWTH ""P"" (USD) ACC                                                                                 ",USD,3,3,D - 0  ,D - 0  ,13:00,CET,PAREUPA LX Equity
39,BNP PARIBAS INVESTMENT PARTNERS         ,LU0154245756,"PARVEST EQUITY USA MID CAP ""C""                                                                                          ",USD,3,3,D - 0  ,D - 0  ,13:00,CET,PARUSMC LX Equity
39,BNP PARIBAS INVESTMENT PARTNERS         ,LU0823410997,"PARVEST EQUITY USA SMALL CAP ""C"" (USD) ACC                                                                              ",USD,3,3,D - 0  ,D - 0  ,13:00,CET,FORESCC LX Equity
35,JANUS CAPITAL INTERNATIONAL LTD         ,IE0001256803,"PERKINS US STRATEGIC VALUE ""A"" (USD) ACC                                                                                ",USD,3,3,D - 0  ,D - 0  ,18:00,CET,JANSVAI ID Equity
21,PICTET FUNDS                            ,LU0148537748,"PICTET JAPAN INDEX ""R"" ACC                                                                                              ",JPY,3,3,D - 1  ,D - 1  ,11:00,CET,PTFJPNR LX Equity
21,PICTET FUNDS                            ,LU0255979238,"PICTET JAPANESE EQUITIES 130/30 ""I""(EUR) ACC                                                                            ",EUR,3,3,D - 1  ,D - 1  ,13:00,CET,PFJPANI LX Equity
21,PICTET FUNDS                            ,LU0095053426,"PICTET JAPANESE EQUITY OPPORTUNITIES""P"" ACC                                                                             ",JPY,3,3,D - 1  ,D - 1  ,13:00,CET,PIPCVJA LX Equity
21,PICTET FUNDS                            ,LU0248320581,"PICTET JAPANESE EQUITY SELECTION ""HR"" (EUR) ACC                                                                         ",EUR,3,3,D - 1  ,D - 1  ,13:00,CET,PICJEHR LX Equity
21,PICTET FUNDS                            ,LU0256842575,"PICTET US EQUITY SELECTION ""R"" ACC                                                                                      ",USD,2,2,D - 1  ,D - 1  ,13:00,CET,PEQSELR LX Equity
111,PIMCO                                   ,IE00B1D7YP71,"PIMCO STOCKS PLUS ""E"" (USD) ACC                                                                                         ",USD,2,2,D - 0  ,D - 0  ,15:30,CET,PIMSKPL ID Equity
45,PIONEER INVESTMENTS                     ,LU0347184581,"PIONEER US FUNDAMENTAL GROWTH ""E"" (EUR) ACC                                                                             ",EUR,3,3,D - 0  ,D - 0  ,15:30,CET,PFUSREU LX Equity
45,PIONEER INVESTMENTS                     ,LU0133618602,"PIONEER US MID CAP VALUE ""E"" (EUR) ACC                                                                                  ",EUR,3,3,D - 0  ,D - 0  ,15:30,CET,PIUSMCE LX Equity
45,PIONEER INVESTMENTS                     ,LU0133645597,"PIONEER US PIONEER ""C"" (USD) ACC                                                                                        ",USD,3,3,D - 0  ,D - 0  ,15:30,CET,PIAMECU LX Equity
45,PIONEER INVESTMENTS                     ,LU0085424652,"PIONEER US RESEARCH ""E"" NON DISTRIBUTING (EUR) ACC                                                                      ",EUR,3,3,D - 0  ,D - 0  ,15:30,CET,EFNAMEQ LX Equity
53,ROBECO                                  ,LU0940004327,"ROBECO US LARGE CAP EQUITIES ""FH"" (EUR) ACC                                                                             ",EUR,3,3,D - 1  ,D - 1  ,13:00,CET,ROULCFH LX Equity
53,ROBECO                                  ,LU0226953718,"ROBECO US PREMIUM EQUITIES ""D"" (USD) ACC                                                                                ",USD,3,3,D - 1  ,D - 1  ,13:00,CET,RGCUPUD LX Equity
53,ROBECO                                  ,LU0674140396,"ROBECO US SELECT OPPORTUNITIES EQUITIES ""D"" (USD) ACC                                                                   ",USD,3,3,D - 1  ,D - 1  ,13:00,CET,RUSOEDU LX Equity
842,ROYAL LONDON UNIT TRUST MANAGERS        ,GB00B52R6496,"ROYAL LONDON JAPAN TRACKER ""Z"" ACC                                                                                      ",GBP,4,4,D - 0  ,D - 0  ,12:03,CET,RLJPANA LN Equity
31,SCHRODER INVESTMENT MANAGEMENT          ,LU0236738604,"SCHRODER ISF JAPANESE EQUITY ""A1"" (EUR HDG) ACC                                                                         ",EUR,3,3,D - 0  ,D - 0  ,12:00,CET,SCHJHA1 LX Equity
31,SCHRODER INVESTMENT MANAGEMENT          ,LU0943301571,"SCHRODER ISF JAPANESE OPPORTUNITIES ""A"" (EUR HDG) ACC                                                                   ",EUR,3,3,D - 0  ,D - 0  ,12:00,CET,SCJAHAE LX Equity
31,SCHRODER INVESTMENT MANAGEMENT          ,LU0133715804,"SCHRODER ISF US LARGE CAP ""A1"" ACC                                                                                      ",USD,3,3,D - 0  ,D - 0  ,12:00,CET,SCHNEA1 LX Equity
31,SCHRODER INVESTMENT MANAGEMENT          ,LU0205193047,"SCHRODER ISF US SMALL & MID-CAP EQUITY ""A"" (USD)  ACC                                                                   ",USD,3,3,D - 0  ,D - 0  ,12:00,CET,SCHUMAA LX Equity
31,SCHRODER INVESTMENT MANAGEMENT          ,LU0106261612,"SCHRODER ISF US SMALLER COMPANIES ""A"" ACC                                                                               ",USD,3,3,D - 0  ,D - 0  ,12:00,CET,SCHUSSA LX Equity
233,STATE STREET FRANCE                     ,FR0000986739,"SSGA NORTH AMERICA ENHANCED EQUITY ""P"" ACC                                                                              ",USD,3,3,D - 1  ,D - 1  ,15:31,CET,SSTNAEN FP Equity
233,STATE STREET FRANCE                     ,FR0000018285,"SSGA US INDEX EQUITY ""P"" (USD) ACC                                                                                      ",USD,3,3,D - 1  ,D - 1  ,15:31,CET,BALUSAI FP Equity
236,T ROWE PRICE FUNDS SICAV                ,LU0174119429,"T ROWE PRICE US LARGE CAP GROWTH EQUITY ""A"" ACC                                                                         ",USD,3,3,D - 0  ,D - 0  ,11:01,CET,TRPLGEA LX Equity
236,T ROWE PRICE FUNDS SICAV                ,LU0133099654,"T ROWE PRICE US LARGE CAP VALUE EQ ""A"" ACC                                                                              ",USD,3,3,D - 0  ,D - 0  ,11:01,CET,TRPULAA LX Equity
236,T ROWE PRICE FUNDS SICAV                ,LU0133096635,"T ROWE PRICE US SMALLER COMPANIES EQUITY ""A"" ACC                                                                        ",USD,3,3,D - 0  ,D - 0  ,11:01,CET,TRPSCEA LX Equity
54,FRED ALGER MANAGEMENT INC               ,LU0070176184,"THE ALGER AMERICAN ASSET GROWTH ""A"" ACC                                                                                 ",USD,3,3,D - 0  ,D - 0  ,13:00,CET,FAMAAGI LX Equity
395,THREADNEEDLE INVESTMENT SERVICES LTD    ,GB0001530566,"THREADNEEDLE AMERICAN ""1"" RNA (GBP) ACC                                                                                 ",GBP,4,4,D - 0  ,D - 0  ,12:03,CET,TDNAMGI LN Equity
395,THREADNEEDLE INVESTMENT SERVICES LTD    ,GB0001529121,"THREADNEEDLE JAPAN ""1"" RNA (GBP) ACC                                                                                    ",GBP,4,4,D - 0  ,D - 0  ,12:03,CET,TDNJPGI LN Equity
310,TOBAM ASSET MANAGEMENT                  ,FR0010368910,"TOBAM ANTI-BENCHMARK US EQUITY ""A"" ACC                                                                                  ",USD,2,2,D - 0  ,D - 0  ,09:30,CET,LBABKUS FP Equity
66,UBP GESTION INSTITUTIONNELLE            ,LU0052780409,"UBAM IFDC JAPAN EQUITY VALUE ""A"" ACC                                                                                    ",JPY,4,4,D - 1  ,D - 1  ,11:00,CET,SCEJPEQ LX Equity
66,UBP GESTION INSTITUTIONNELLE            ,LU0045841987,"UBAM NEUBERGER BERMAN US EQ VALUE ""A"" USD ACC                                                                           ",USD,4,4,D - 0  ,D - 0  ,11:00,CET,SCENAME LX Equity
23,UBS GLOBAL AM                           ,LU0049842262,"UBS (LUX) EQUITY FUND -  MID CAPS USA ""P"" (USD) ACC                                                                     ",USD,3,3,D - 0  ,D - 0  ,13:00,CET,SBCSMUI LX Equity
23,UBS GLOBAL AM                           ,LU0098995292,"UBS (LUX) EQUITY FUND -  USA MULTI STRATEGY ""P"" (USD) ACC                                                               ",USD,3,3,D - 0  ,D - 0  ,13:00,CET,UBSEUSI LX Equity
23,UBS GLOBAL AM                           ,LU0868494617,"UBS (LUX) EQUITY SICAV - US TOTAL YIELD ""P"" (USD) ACC                                                                   ",USD,3,3,D - 0  ,D - 0  ,13:00,CET,UBUTPAU LX Equity
23,UBS GLOBAL AM                           ,LU0198837287,"UBS (LUX) EQUITY SICAV - USA GROWTH ""P"" (USD) ACC                                                                       ",USD,3,3,D - 0  ,D - 0  ,13:00,CET,UBUSAGB LX Equity
856,UBS GLOBAL ASSET MANAGEMENT (UK) LTD    ,GB0032004326,"UBS US EQUITY ""A"" ACC                                                                                                   ",GBP,3,3,D - 0  ,D - 0  ,12:03,CET,UBSUEAA LN Equity
191,BELGRAVE CAPITAL MANAGEMENT LTD.        ,LU0117772284,"VITRUVIUS JAPANESE EQUITY ""B"" (EUR) ACC                                                                                 ",EUR,3,3,D - 1  ,D - 1  ,15:30,CET,VITJECB LX Equity
67,VONTOBEL AM                             ,LU0035765741,"VONTOBEL US EQUITY ""B""  ACC                                                                                             ",USD,3,3,D - 0  ,D - 0  ,13:00,CET,VONUVBI LX Equity
